,Price,UPC,Banner,Region
0,24.95,268588472,Walmart,Northern California
1,49.71,475245085,Walmart,Northern California
2,25.75,126967843,Walmart,Northern California
3,18.81,708930835,Walmart,Northern California
4,33.32,325885139,Walmart,Northern California
5,40.43,509419735,Walmart,Northern California
6,35.1,736362595,Walmart,Northern California
7,33.65,652377244,Walmart,Northern California
8,22.3,277394644,Walmart,Northern California
9,12.32,996849471,Walmart,Northern California
10,18.25,278354885,Walmart,Northern California
11,17.35,215480572,Walmart,Northern California
12,9.53,526069074,Walmart,Northern California
13,9.94,265077864,Walmart,Northern California
14,55.21,627831552,Walmart,Northern California
15,36.82,992105314,Walmart,Northern California
16,61.56,39408244,Walmart,Northern California
17,1.34,372268051,Walmart,Northern California
18,32.01,375916960,Walmart,Northern California
19,44.76,742726716,Walmart,Northern California
20,2.65,243131192,Walmart,Northern California
21,52.15,388544851,Walmart,Northern California
22,48.86,905914857,Walmart,Northern California
23,2.22,226080317,Walmart,Northern California
24,32.2,502816606,Walmart,Northern California
25,61.77,986134213,Walmart,Northern California
26,16.64,714264288,Walmart,Northern California
27,20.64,585091176,Walmart,Northern California
28,38.82,645118810,Walmart,Northern California
29,56.14,81313305,Walmart,Northern California
30,37.47,213387822,Walmart,Northern California
31,9.23,226008184,Walmart,Northern California
32,14.12,252888653,Walmart,Northern California
33,12.8,561425157,Walmart,Northern California
34,39.06,396134202,Walmart,Northern California
35,47.3,546802474,Walmart,Northern California
36,35.67,333664376,Walmart,Northern California
37,62.82,981510405,Walmart,Northern California
38,38.67,90756884,Walmart,Northern California
39,6.21,19696884,Walmart,Northern California
40,50.26,303530277,Walmart,Northern California
41,46.64,173173585,Walmart,Northern California
42,57.75,506732002,Walmart,Northern California
43,13.84,60042797,Walmart,Northern California
44,24.25,795937333,Walmart,Northern California
45,17.61,916097175,Walmart,Northern California
46,37.8,291765113,Walmart,Northern California
47,48.24,963229417,Walmart,Northern California
48,26.97,256001467,Walmart,Northern California
49,3.97,205698731,Walmart,Northern California
50,23.1,899571200,Walmart,Northern California
51,6.02,163383455,Walmart,Northern California
52,41.95,769464973,Walmart,Northern California
53,12.46,927312846,Walmart,Northern California
54,3.16,699701113,Walmart,Northern California
55,31.82,115681900,Walmart,Northern California
56,5.3,383194572,Walmart,Northern California
57,43.11,339765937,Walmart,Northern California
58,19.93,690069404,Walmart,Northern California
59,41.12,95658838,Walmart,Northern California
60,8.7,850719150,Walmart,Northern California
61,11.91,643110527,Walmart,Northern California
62,42.4,127838957,Walmart,Northern California
63,3.66,353556196,Walmart,Northern California
64,17.07,582214622,Walmart,Northern California
65,19.73,928259579,Walmart,Northern California
66,52.41,311149036,Walmart,Northern California
67,26.91,388197861,Walmart,Northern California
68,28.12,774949377,Walmart,Northern California
69,29.56,503341824,Walmart,Northern California
70,43.05,205812283,Walmart,Northern California
71,28.92,98441419,Walmart,Northern California
72,6.22,786293238,Walmart,Northern California
73,54.77,438682627,Walmart,Northern California
74,15.65,434688119,Walmart,Northern California
75,8.4,529559570,Walmart,Northern California
76,29.81,678539677,Walmart,Northern California
77,42.37,643891644,Walmart,Northern California
78,43.81,311513952,Walmart,Northern California
79,14.44,243934119,Walmart,Northern California
80,48.93,442236507,Walmart,Northern California
81,39.72,196109651,Walmart,Northern California
82,1.83,45845527,Walmart,Northern California
83,21.25,94769945,Walmart,Northern California
84,41.32,872889619,Walmart,Northern California
85,34.55,314756902,Walmart,Northern California
86,32.82,962019991,Walmart,Northern California
87,43.2,827631041,Walmart,Northern California
88,21.7,220433295,Walmart,Northern California
89,32.81,132458395,Walmart,Northern California
90,5.53,11873171,Walmart,Northern California
91,28.83,278003538,Walmart,Northern California
92,20.13,927693101,Walmart,Northern California
93,53.93,932170886,Walmart,Northern California
94,49.75,395790602,Walmart,Northern California
95,50.47,363461563,Walmart,Northern California
96,22.16,395515572,Walmart,Northern California
97,22.06,617543188,Walmart,Northern California
98,59.35,587031338,Walmart,Northern California
99,40.51,222633181,Walmart,Northern California
100,50.53,723934665,Walmart,Northern California
101,54.56,849425547,Walmart,Northern California
102,5.37,449986246,Walmart,Northern California
103,37.52,81927167,Walmart,Northern California
104,33.27,915191199,Walmart,Northern California
105,25.1,333967502,Walmart,Northern California
106,59.73,27866264,Walmart,Northern California
107,18.87,978196729,Walmart,Northern California
108,16.67,923891080,Walmart,Northern California
109,50.84,391122766,Walmart,Northern California
110,18.37,25313327,Walmart,Northern California
111,43.73,187405236,Walmart,Northern California
112,15.83,574010167,Walmart,Northern California
113,35.17,454788216,Walmart,Northern California
114,20.76,683810722,Walmart,Northern California
115,0.93,557637639,Walmart,Northern California
116,51.83,269161785,Walmart,Northern California
117,33.46,440309024,Walmart,Northern California
118,58.25,795655973,Walmart,Northern California
119,18.94,152458350,Walmart,Northern California
120,62.32,584598491,Walmart,Northern California
121,45.9,189565540,Walmart,Northern California
122,61.34,254804864,Walmart,Northern California
123,24.05,967167461,Walmart,Northern California
124,51.8,749133422,Walmart,Northern California
125,34.06,119616993,Walmart,Northern California
126,19.31,583382498,Walmart,Northern California
127,1.03,499640947,Walmart,Northern California
128,60.02,70124770,Walmart,Northern California
129,41.66,536411687,Walmart,Northern California
130,0.94,604272498,Walmart,Northern California
131,18.67,157966725,Walmart,Northern California
132,22.11,435304991,Walmart,Northern California
133,39.23,883713851,Walmart,Northern California
134,55.36,441404447,Walmart,Northern California
135,49.34,223905761,Walmart,Northern California
136,5.34,551067349,Walmart,Northern California
137,18.97,793865483,Walmart,Northern California
138,27.25,877162041,Walmart,Northern California
139,47.62,549873373,Walmart,Northern California
140,43.25,866416138,Walmart,Northern California
141,63.12,421176959,Walmart,Northern California
142,45.85,690308756,Walmart,Northern California
143,58.31,350639776,Walmart,Northern California
144,48.4,688174297,Walmart,Northern California
145,27.95,654483249,Walmart,Northern California
146,50.45,162356142,Walmart,Northern California
147,61.91,835193761,Walmart,Northern California
148,54.92,801329171,Walmart,Northern California
149,39.44,958194401,Walmart,Northern California
150,54.16,534498710,Walmart,Northern California
151,39.26,441453292,Walmart,Northern California
152,59.52,591915659,Walmart,Northern California
153,54.65,441947799,Walmart,Northern California
154,25.15,399409590,Walmart,Northern California
155,8.37,748626363,Walmart,Northern California
156,54.24,429624919,Walmart,Northern California
157,56.62,305207870,Walmart,Northern California
158,3.82,701377201,Walmart,Northern California
159,23.73,728311671,Walmart,Northern California
160,2.12,375780233,Walmart,Northern California
161,41.21,310210791,Walmart,Northern California
162,56.02,83141336,Walmart,Northern California
163,48.91,791901779,Walmart,Northern California
164,41.42,314205929,Walmart,Northern California
165,15.12,373709792,Walmart,Northern California
166,43.5,74029795,Walmart,Northern California
167,59.9,506238955,Walmart,Northern California
168,12.8,44385546,Walmart,Northern California
169,34.71,240924482,Walmart,Northern California
170,5.62,861024387,Walmart,Northern California
171,44.61,804094528,Walmart,Northern California
172,25.17,856554674,Walmart,Northern California
173,34.94,248544810,Walmart,Northern California
174,33.33,57394222,Walmart,Northern California
175,42.93,414105716,Walmart,Northern California
176,50.76,698731992,Walmart,Northern California
177,48.22,764458897,Walmart,Northern California
178,36.14,66025021,Walmart,Northern California
179,25.96,365630841,Walmart,Northern California
180,54.46,534500231,Walmart,Northern California
181,26.71,966125119,Walmart,Northern California
182,40.42,303748850,Walmart,Northern California
183,59.46,111650456,Walmart,Northern California
184,5.67,16999755,Walmart,Northern California
185,33.03,486482090,Walmart,Northern California
186,13.45,634830299,Walmart,Northern California
187,28.13,488091787,Walmart,Northern California
188,21.15,588225773,Walmart,Northern California
189,40.24,238497653,Walmart,Northern California
190,2.42,200021055,Walmart,Northern California
191,31.37,430094535,Walmart,Northern California
192,33.4,526212256,Walmart,Northern California
193,21.36,557031026,Walmart,Northern California
194,54.52,980150388,Walmart,Northern California
195,36.75,831054514,Walmart,Northern California
196,47.62,965370690,Walmart,Northern California
197,41.96,758967619,Walmart,Northern California
198,55.46,300702726,Walmart,Northern California
199,9.75,768628469,Walmart,Northern California
200,28.55,200282631,Walmart,Northern California
201,12.21,835966795,Walmart,Northern California
202,8.55,21872584,Walmart,Northern California
203,43.73,583814806,Walmart,Northern California
204,13.97,426268457,Walmart,Northern California
205,45.66,865020811,Walmart,Northern California
206,28.43,840138489,Walmart,Northern California
207,7.95,477638150,Walmart,Northern California
208,45.52,938758588,Walmart,Northern California
209,58.36,966807089,Walmart,Northern California
210,28.57,574404121,Walmart,Northern California
211,3.33,69037528,Walmart,Northern California
212,47.33,200809424,Walmart,Northern California
213,55.36,820540489,Walmart,Northern California
214,61.95,377365657,Walmart,Northern California
215,10.3,905792642,Walmart,Northern California
216,3.22,17066659,Walmart,Northern California
217,13.57,952635660,Walmart,Northern California
218,43.15,508453812,Walmart,Northern California
219,25.9,47158754,Walmart,Northern California
220,2.0,285638116,Walmart,Northern California
221,44.11,571419391,Walmart,Northern California
222,41.67,678530217,Walmart,Northern California
223,13.77,387815880,Walmart,Northern California
224,60.66,797375865,Walmart,Northern California
225,24.92,993910240,Walmart,Northern California
226,55.77,298650567,Walmart,Northern California
227,59.1,112817865,Walmart,Northern California
228,39.81,988776021,Walmart,Northern California
229,27.74,23493525,Walmart,Northern California
230,48.01,323385020,Walmart,Northern California
231,57.15,899956196,Walmart,Northern California
232,37.12,529968586,Walmart,Northern California
233,18.2,922747986,Walmart,Northern California
234,35.52,743414051,Walmart,Northern California
235,59.7,295208432,Walmart,Northern California
236,28.33,450309449,Walmart,Northern California
237,62.11,456113225,Walmart,Northern California
238,42.11,808274867,Walmart,Northern California
239,34.04,476935693,Walmart,Northern California
240,30.72,361609713,Walmart,Northern California
241,6.82,311625369,Walmart,Northern California
242,59.67,461128883,Walmart,Northern California
243,17.9,917211564,Walmart,Northern California
244,25.6,627416688,Walmart,Northern California
245,59.91,884354350,Walmart,Northern California
246,60.46,881539712,Walmart,Northern California
247,34.0,299791600,Walmart,Northern California
248,41.45,292740862,Walmart,Northern California
249,8.06,672429356,Walmart,Northern California
250,16.23,306887951,Walmart,Northern California
251,23.4,110497121,Walmart,Northern California
252,26.21,441772088,Walmart,Northern California
253,31.73,764530996,Walmart,Northern California
254,28.51,400625108,Walmart,Northern California
255,45.01,193724353,Walmart,Northern California
256,40.81,383193164,Walmart,Northern California
257,1.77,762004012,Walmart,Northern California
258,26.32,878698622,Walmart,Northern California
259,6.85,643629043,Walmart,Northern California
260,3.16,864093895,Walmart,Northern California
261,8.06,832037986,Walmart,Northern California
262,51.35,887149013,Walmart,Northern California
263,21.36,130186387,Walmart,Northern California
264,34.27,107865183,Walmart,Northern California
265,8.44,16729338,Walmart,Northern California
266,31.15,909199429,Walmart,Northern California
267,18.51,726593797,Walmart,Northern California
268,48.62,275219414,Walmart,Northern California
269,58.06,857067649,Walmart,Northern California
270,53.46,681789308,Walmart,Northern California
271,14.6,762977091,Walmart,Northern California
272,42.61,479749486,Walmart,Northern California
273,54.23,702065059,Walmart,Northern California
274,60.43,616240709,Walmart,Northern California
275,27.97,685715810,Walmart,Northern California
276,27.47,57714338,Walmart,Northern California
277,51.62,565229692,Walmart,Northern California
278,12.34,98164748,Walmart,Northern California
279,59.86,445250129,Walmart,Northern California
280,51.04,971923169,Walmart,Northern California
281,39.95,387431034,Walmart,Northern California
282,28.33,641131808,Walmart,Northern California
283,54.02,845893087,Walmart,Northern California
284,59.97,236677062,Walmart,Northern California
285,26.42,376153383,Walmart,Northern California
286,36.65,542244776,Walmart,Northern California
287,50.4,494020899,Walmart,Northern California
288,35.25,182310151,Walmart,Northern California
289,5.51,68034486,Walmart,Northern California
290,16.03,919110708,Walmart,Northern California
291,63.07,768879663,Walmart,Northern California
292,23.07,827352822,Walmart,Northern California
293,12.44,555531366,Walmart,Northern California
294,58.33,899819893,Walmart,Northern California
295,20.2,744486125,Walmart,Northern California
296,31.34,364526351,Walmart,Northern California
297,7.66,744228999,Walmart,Northern California
298,36.36,637601085,Walmart,Northern California
299,63.07,676268953,Walmart,Northern California
300,48.2,980113553,Walmart,Northern California
301,23.4,569684083,Walmart,Northern California
302,55.56,568256903,Walmart,Northern California
303,39.37,354716417,Walmart,Northern California
304,62.86,158953776,Walmart,Northern California
305,60.84,383815591,Walmart,Northern California
306,6.73,338863686,Walmart,Northern California
307,42.83,321130189,Walmart,Northern California
308,34.22,130358296,Walmart,Northern California
309,8.83,371889838,Walmart,Northern California
310,18.92,870721732,Walmart,Northern California
311,59.22,357064541,Walmart,Northern California
312,30.2,55833407,Walmart,Northern California
313,57.13,15052612,Walmart,Northern California
314,25.11,612864775,Walmart,Northern California
315,11.45,26791818,Walmart,Northern California
316,25.92,360754991,Walmart,Northern California
317,39.6,794251522,Walmart,Northern California
318,2.85,70848410,Walmart,Northern California
319,3.17,541222561,Walmart,Northern California
320,50.63,448330081,Walmart,Northern California
321,10.93,477240979,Walmart,Northern California
322,18.02,931390073,Walmart,Northern California
323,61.61,950498192,Walmart,Northern California
324,53.8,273984951,Walmart,Northern California
325,34.63,614172105,Walmart,Northern California
326,30.14,727229928,Walmart,Northern California
327,35.21,240879755,Walmart,Northern California
328,24.11,739054494,Walmart,Northern California
329,54.97,854689154,Walmart,Northern California
330,39.44,966176819,Walmart,Northern California
331,11.74,849299370,Walmart,Northern California
332,8.71,71726448,Walmart,Northern California
333,15.62,826771870,Walmart,Northern California
334,26.03,549109328,Walmart,Northern California
335,58.24,88576101,Walmart,Northern California
336,45.94,583333446,Walmart,Northern California
337,2.8,86858655,Walmart,Northern California
338,32.7,327660050,Walmart,Northern California
339,22.57,447858500,Walmart,Northern California
340,27.31,507203618,Walmart,Northern California
341,21.87,361981249,Walmart,Northern California
342,19.14,525505777,Walmart,Northern California
343,52.54,22976162,Walmart,Northern California
344,61.55,353626798,Walmart,Northern California
345,3.73,376311065,Walmart,Northern California
346,28.97,154602616,Walmart,Northern California
347,3.35,622287285,Walmart,Northern California
348,38.53,376851918,Walmart,Northern California
349,23.37,690451660,Walmart,Northern California
350,17.11,805082512,Walmart,Northern California
351,43.72,285195716,Walmart,Northern California
352,40.3,44276570,Walmart,Northern California
353,38.76,392781848,Walmart,Northern California
354,36.72,73544548,Walmart,Northern California
355,39.67,614290704,Walmart,Northern California
356,29.12,256779462,Walmart,Northern California
357,45.24,514730047,Walmart,Northern California
358,5.26,649976289,Walmart,Northern California
359,61.81,976976235,Walmart,Northern California
360,53.77,451469731,Walmart,Northern California
361,51.5,789649867,Walmart,Northern California
362,47.16,242743338,Walmart,Northern California
363,15.51,574169049,Walmart,Northern California
364,30.54,416414679,Walmart,Northern California
365,33.64,271202170,Walmart,Northern California
366,21.97,641206219,Walmart,Northern California
367,33.17,783399454,Walmart,Northern California
368,53.87,60912855,Walmart,Northern California
369,23.9,105664025,Walmart,Northern California
370,4.66,864128161,Walmart,Northern California
371,31.93,300970093,Walmart,Northern California
372,39.44,451026029,Walmart,Northern California
373,62.51,160430177,Walmart,Northern California
374,26.71,894764703,Walmart,Northern California
375,13.96,930355523,Walmart,Northern California
376,48.05,690392986,Walmart,Northern California
377,32.26,839680734,Walmart,Northern California
378,31.62,332493471,Walmart,Northern California
379,25.32,627807402,Walmart,Northern California
380,60.73,99830442,Walmart,Northern California
381,32.23,19911643,Walmart,Northern California
382,45.22,340260209,Walmart,Northern California
383,51.7,538783344,Walmart,Northern California
384,20.17,852479948,Walmart,Northern California
385,42.9,152181269,Walmart,Northern California
386,3.14,371212986,Walmart,Northern California
387,50.51,62563085,Walmart,Northern California
388,22.2,944430721,Walmart,Northern California
389,61.84,161076622,Walmart,Northern California
390,16.45,907400779,Walmart,Northern California
391,55.06,486230490,Walmart,Northern California
392,50.55,393028851,Walmart,Northern California
393,23.83,612017146,Walmart,Northern California
394,4.94,778682895,Walmart,Northern California
395,59.3,818139689,Walmart,Northern California
396,32.96,541553073,Walmart,Northern California
397,8.51,555173446,Walmart,Northern California
398,53.8,224558960,Walmart,Northern California
399,4.55,484526970,Walmart,Northern California
400,38.17,301161010,Walmart,Northern California
401,2.05,526328901,Walmart,Northern California
402,32.41,165559469,Walmart,Northern California
403,24.57,645331356,Walmart,Northern California
404,23.34,63494206,Walmart,Northern California
405,31.26,354630366,Walmart,Northern California
406,13.81,77045464,Walmart,Northern California
407,17.55,674159443,Walmart,Northern California
408,18.54,144575642,Walmart,Northern California
409,21.14,124052151,Walmart,Northern California
410,25.12,509056495,Walmart,Northern California
411,55.64,242277190,Walmart,Northern California
412,60.69,26959766,Trader Joes,Northern California
413,33.69,228431403,Trader Joes,Northern California
414,45.39,947534594,Trader Joes,Northern California
415,63.99,99830442,Trader Joes,Northern California
416,50.79,963229417,Trader Joes,Northern California
417,21.49,543464804,Trader Joes,Northern California
418,22.79,106365705,Trader Joes,Northern California
419,3.39,622287285,Trader Joes,Northern California
420,62.39,357064541,Trader Joes,Northern California
421,9.59,27595398,Trader Joes,Northern California
422,28.39,388197861,Trader Joes,Northern California
423,27.09,473279874,Trader Joes,Northern California
424,33.69,375916960,Trader Joes,Northern California
425,44.89,864892235,Trader Joes,Northern California
426,15.39,978164640,Trader Joes,Northern California
427,12.89,835966795,Trader Joes,Northern California
428,5.59,449986246,Trader Joes,Northern California
429,12.19,62068892,Trader Joes,Northern California
430,15.39,762977091,Trader Joes,Northern California
431,30.99,283434497,Trader Joes,Northern California
432,30.49,654081535,Trader Joes,Northern California
433,30.09,400625108,Trader Joes,Northern California
434,25.09,612017146,Trader Joes,Northern California
435,37.09,182310151,Trader Joes,Northern California
436,14.39,581030587,Trader Joes,Northern California
437,48.79,790347148,Trader Joes,Northern California
438,9.99,526069074,Trader Joes,Northern California
439,53.19,246582548,Trader Joes,Northern California
440,34.19,696954302,Trader Joes,Northern California
441,41.29,883713851,Trader Joes,Northern California
442,36.09,698510708,Trader Joes,Northern California
443,55.09,742030365,Trader Joes,Northern California
444,21.49,554043945,Trader Joes,Northern California
445,4.69,484526970,Trader Joes,Northern California
446,45.79,555275616,Trader Joes,Northern California
447,45.09,995745822,Trader Joes,Northern California
448,39.59,460807284,Trader Joes,Northern California
449,59.09,83141336,Trader Joes,Northern California
450,62.49,987411986,Trader Joes,Northern California
451,19.49,726593797,Trader Joes,Northern California
452,5.89,363196884,Trader Joes,Northern California
453,4.59,822316142,Trader Joes,Northern California
454,34.99,915191199,Trader Joes,Northern California
455,32.79,716383928,Trader Joes,Northern California
456,66.49,421176959,Trader Joes,Northern California
457,28.59,186497742,Trader Joes,Northern California
458,23.49,631749882,Trader Joes,Northern California
459,32.49,535286391,Trader Joes,Northern California
460,3.39,906234211,Trader Joes,Northern California
461,26.49,399409590,Trader Joes,Northern California
462,8.79,737000536,Trader Joes,Northern California
463,18.09,896974529,Trader Joes,Northern California
464,64.19,876898615,Trader Joes,Northern California
465,54.59,269161785,Trader Joes,Northern California
466,4.89,864128161,Trader Joes,Northern California
467,65.89,838460068,Trader Joes,Northern California
468,29.69,488091787,Trader Joes,Northern California
469,43.39,854985252,Trader Joes,Northern California
470,16.39,826771870,Trader Joes,Northern California
471,23.19,58785197,Trader Joes,Northern California
472,32.09,416414679,Trader Joes,Northern California
473,26.79,262051609,Trader Joes,Northern California
474,15.39,251180255,Trader Joes,Northern California
475,62.19,582451335,Trader Joes,Northern California
476,52.49,883647960,Trader Joes,Northern California
477,46.09,332996724,Trader Joes,Northern California
478,39.39,658435562,Trader Joes,Northern California
479,41.89,196109651,Trader Joes,Northern California
480,33.39,327470693,Trader Joes,Northern California
481,48.69,174429227,Trader Joes,Northern California
482,53.19,393028851,Trader Joes,Northern California
483,63.69,881539712,Trader Joes,Northern California
484,17.99,418444428,Trader Joes,Northern California
485,14.19,952635660,Trader Joes,Northern California
486,59.69,305207870,Trader Joes,Northern California
487,13.49,44385546,Trader Joes,Northern California
488,8.99,207648093,Trader Joes,Northern California
489,61.29,88576101,Trader Joes,Northern California
490,18.39,674159443,Trader Joes,Northern California
491,22.89,220433295,Trader Joes,Northern California
492,5.89,886012244,Trader Joes,Northern California
493,10.19,768628469,Trader Joes,Northern California
494,19.49,234033889,Trader Joes,Northern California
495,45.39,112509592,Trader Joes,Northern California
496,43.89,700660531,Trader Joes,Northern California
497,60.39,305310988,Trader Joes,Northern California
498,32.59,16900911,Trader Joes,Northern California
499,38.09,122484761,Trader Joes,Northern California
500,57.49,426540728,Trader Joes,Northern California
501,53.79,337353166,Trader Joes,Northern California
502,58.69,124091247,Trader Joes,Northern California
503,36.19,750854309,Trader Joes,Northern California
504,20.79,441168504,Trader Joes,Northern California
505,46.19,311513952,Trader Joes,Northern California
506,6.69,866698043,Trader Joes,Northern California
507,16.09,325260449,Trader Joes,Northern California
508,27.39,437637358,Trader Joes,Northern California
509,30.59,40555797,Trader Joes,Northern California
510,39.59,860167579,Trader Joes,Northern California
511,8.89,760445497,Trader Joes,Northern California
512,63.19,70124770,Trader Joes,Northern California
513,28.89,894150291,Trader Joes,Northern California
514,62.79,461128883,Trader Joes,Northern California
515,37.89,516205909,Trader Joes,Northern California
516,44.79,312588009,Trader Joes,Northern California
517,65.19,421428384,Trader Joes,Northern California
518,11.79,633357974,Trader Joes,Northern California
519,27.79,376153383,Trader Joes,Northern California
520,38.69,73544548,Trader Joes,Northern California
521,57.89,854689154,Trader Joes,Northern California
522,37.79,842968031,Trader Joes,Northern California
523,18.09,635609352,Trader Joes,Northern California
524,21.19,852479948,Trader Joes,Northern California
525,1.09,278739906,Trader Joes,Northern California
526,34.49,327660050,Trader Joes,Northern California
527,41.29,441453292,Trader Joes,Northern California
528,46.09,187405236,Trader Joes,Northern California
529,8.39,234070455,Trader Joes,Northern California
530,65.69,946880003,Trader Joes,Northern California
531,15.09,437172755,Trader Joes,Northern California
532,28.49,265291556,Trader Joes,Northern California
533,17.99,805082512,Trader Joes,Northern California
534,5.89,861024387,Trader Joes,Northern California
535,47.59,52851370,Trader Joes,Northern California
536,14.79,440219593,Trader Joes,Northern California
537,30.09,714768657,Trader Joes,Northern California
538,60.19,899956196,Trader Joes,Northern California
539,62.49,897021614,Trader Joes,Northern California
540,50.69,904714463,Trader Joes,Northern California
541,61.69,533704030,Trader Joes,Northern California
542,3.29,699701113,Trader Joes,Northern California
543,27.39,859607186,Trader Joes,Northern California
544,35.09,325885139,Trader Joes,Northern California
545,47.89,842621232,Trader Joes,Northern California
546,31.79,472559312,Trader Joes,Northern California
547,21.89,677674656,Trader Joes,Northern California
548,27.39,912415151,Trader Joes,Northern California
549,16.29,574169049,Trader Joes,Northern California
550,42.59,509419735,Trader Joes,Northern California
551,9.09,850719150,Trader Joes,Northern California
552,45.39,541944658,Trader Joes,Northern California
553,33.89,839680734,Trader Joes,Northern California
554,6.09,238245641,Trader Joes,Northern California
555,11.99,708247357,Trader Joes,Northern California
556,62.39,65837987,Trader Joes,Northern California
557,57.39,534500231,Trader Joes,Northern California
558,50.89,325836526,Trader Joes,Northern California
559,33.99,19911643,Trader Joes,Northern California
560,44.19,514912132,Trader Joes,Northern California
561,23.09,641206219,Trader Joes,Northern California
562,25.29,967167461,Trader Joes,Northern California
563,37.49,333664376,Trader Joes,Northern California
564,49.89,298558534,Trader Joes,Northern California
565,24.59,711957058,Trader Joes,Northern California
566,50.79,980113553,Trader Joes,Northern California
567,5.89,16999755,Trader Joes,Northern California
568,44.89,479749486,Trader Joes,Northern California
569,16.69,338728090,Trader Joes,Northern California
570,33.39,332493471,Trader Joes,Northern California
571,16.49,470692001,Trader Joes,Northern California
572,3.99,798625113,Trader Joes,Northern California
573,29.39,654483249,Trader Joes,Northern California
574,8.89,16729338,Trader Joes,Northern California
575,2.09,355520088,Trader Joes,Northern California
576,1.29,372268051,Trader Joes,Northern California
577,53.79,477539026,Trader Joes,Northern California
578,62.49,818139689,Trader Joes,Northern California
579,47.29,783899410,Trader Joes,Northern California
580,40.69,774342015,Trader Joes,Northern California
581,12.99,69584995,Trader Joes,Northern California
582,23.29,435304991,Trader Joes,Northern California
583,0.69,198082596,Trader Joes,Northern California
584,23.59,118708197,Trader Joes,Northern California
585,22.39,127821311,Trader Joes,Northern California
586,13.09,555531366,Trader Joes,Northern California
587,10.09,821096485,Trader Joes,Northern California
588,5.79,846637828,Trader Joes,Northern California
589,65.39,269567447,Trader Joes,Northern California
590,60.59,432934258,Trader Joes,Northern California
591,55.09,685061388,Trader Joes,Northern California
592,56.29,681789308,Trader Joes,Northern California
593,30.69,256779462,Trader Joes,Northern California
594,39.79,291765113,Trader Joes,Northern California
595,64.09,383815591,Trader Joes,Northern California
596,3.39,421047592,Trader Joes,Northern California
597,31.09,503341824,Trader Joes,Northern California
598,40.89,645118810,Trader Joes,Northern California
599,33.29,142252924,Trader Joes,Northern California
600,31.89,45824749,Trader Joes,Northern California
601,0.99,499640947,Trader Joes,Northern California
602,39.99,920526931,Trader Joes,Northern California
603,9.09,489000444,Trader Joes,Northern California
604,46.09,583814806,Trader Joes,Northern California
605,43.69,842306029,Trader Joes,Northern California
606,40.49,998831540,Trader Joes,Northern California
607,4.89,488377803,Trader Joes,Northern California
608,50.99,688174297,Trader Joes,Northern California
609,5.69,659422945,Trader Joes,Northern California
610,24.69,569684083,Trader Joes,Northern California
611,62.29,917901226,Trader Joes,Northern California
612,3.69,924190396,Trader Joes,Northern California
613,52.49,177925497,Trader Joes,Northern California
614,58.49,568256903,Trader Joes,Northern California
615,5.19,778682895,Trader Joes,Northern California
616,1.49,509116779,Trader Joes,Northern California
617,15.19,663501723,Trader Joes,Northern California
618,63.49,945973686,Trader Joes,Northern California
619,3.49,44053660,Trader Joes,Northern California
620,62.89,27866264,Trader Joes,Northern California
621,65.59,492209870,Trader Joes,Northern California
622,45.39,508453812,Trader Joes,Northern California
623,49.59,895637329,Trader Joes,Northern California
624,56.39,200253393,Trader Joes,Northern California
625,15.19,456975266,Trader Joes,Northern California
626,27.69,311693284,Trader Joes,Northern California
627,50.79,764458897,Trader Joes,Northern California
628,36.29,977134983,Trader Joes,Northern California
629,10.69,565170341,Trader Joes,Northern California
630,25.79,700041439,Trader Joes,Northern California
631,56.79,932170886,Trader Joes,Northern California
632,32.99,430094535,Trader Joes,Northern California
633,22.59,912873332,Trader Joes,Northern California
634,43.69,856365324,Trader Joes,Northern California
635,50.79,870595943,Trader Joes,Northern California
636,27.39,549109328,Trader Joes,Northern California
637,30.49,154602616,Trader Joes,Northern California
638,37.69,373656227,Trader Joes,Northern California
639,56.99,534498710,Trader Joes,Northern California
640,21.69,517769564,Trader Joes,Northern California
641,5.09,266112120,Trader Joes,Northern California
642,50.09,581614281,Trader Joes,Northern California
643,40.99,161725486,Trader Joes,Northern California
644,21.69,585091176,Trader Joes,Northern California
645,7.89,157129774,Trader Joes,Northern California
646,51.19,59479815,Trader Joes,Northern California
647,13.29,218958254,Trader Joes,Northern California
648,58.69,881311707,Trader Joes,Northern California
649,11.89,702239031,Trader Joes,Northern California
650,54.99,388544851,Trader Joes,Northern California
651,42.59,757501813,Trader Joes,Northern California
652,63.09,193736714,Trader Joes,Northern California
653,12.09,994344572,Trader Joes,Northern California
654,40.89,848280790,Trader Joes,Northern California
655,30.29,808976577,Trader Joes,Northern California
656,21.19,927693101,Trader Joes,Northern California
657,32.79,909199429,Trader Joes,Northern California
658,2.19,60168857,Trader Joes,Northern California
659,24.29,896138462,Trader Joes,Northern California
660,56.59,451469731,Trader Joes,Northern California
661,57.49,849425547,Trader Joes,Northern California
662,23.49,277394644,Trader Joes,Northern California
663,27.09,126967843,Trader Joes,Northern California
664,53.19,394331468,Trader Joes,Northern California
665,57.59,299905463,Trader Joes,Northern California
666,58.69,298650567,Trader Joes,Northern California
667,16.59,650943158,Trader Joes,Northern California
668,44.19,769464973,Trader Joes,Northern California
669,20.79,928259579,Trader Joes,Northern California
670,12.99,98164748,Trader Joes,Northern California
671,7.19,514805290,Trader Joes,Northern California
672,11.49,477240979,Trader Joes,Northern California
673,3.29,541222561,Trader Joes,Northern California
674,66.39,676268953,Trader Joes,Northern California
675,38.99,980564443,Trader Joes,Northern California
676,43.39,310210791,Trader Joes,Northern California
677,35.19,440309024,Trader Joes,Northern California
678,58.19,304468559,Trader Joes,Northern California
679,61.69,470178735,Trader Joes,Northern California
680,14.29,93351329,Trader Joes,Northern California
681,29.79,641131808,Trader Joes,Northern California
682,54.29,789649867,Trader Joes,Northern California
683,22.59,819121025,Trader Joes,Northern California
684,37.69,95866554,Trader Joes,Northern California
685,42.89,250622702,Trader Joes,Northern California
686,57.69,768900012,Trader Joes,Northern California
687,42.49,44276570,Trader Joes,Northern California
688,41.99,387431034,Trader Joes,Northern California
689,63.89,266788198,Trader Joes,Northern California
690,40.79,392781848,Trader Joes,Northern California
691,20.09,688858216,Trader Joes,Northern California
692,31.39,644054876,Trader Joes,Northern California
693,66.19,981510405,Trader Joes,Northern California
694,23.49,480476230,Trader Joes,Northern California
695,64.29,692276824,Trader Joes,Northern California
696,17.49,714264288,Trader Joes,Northern California
697,39.49,81927167,Trader Joes,Northern California
698,8.79,748626363,Trader Joes,Northern California
699,7.09,643629043,Trader Joes,Northern California
700,2.49,784408530,Trader Joes,Northern California
701,45.69,853687097,Trader Joes,Northern California
702,46.09,285195716,Trader Joes,Northern California
703,32.99,364526351,Trader Joes,Northern California
704,63.19,436491453,Trader Joes,Northern California
705,42.89,897422303,Trader Joes,Northern California
706,58.69,952287274,Trader Joes,Northern California
707,43.29,95658838,Trader Joes,Northern California
708,1.79,762004012,Trader Joes,Northern California
709,65.19,835193761,Trader Joes,Northern California
710,62.89,295208432,Trader Joes,Northern California
711,41.59,164485660,Trader Joes,Northern California
712,66.39,768879663,Trader Joes,Northern California
713,59.19,81313305,Trader Joes,Northern California
714,38.69,831054514,Trader Joes,Northern California
715,40.19,286798599,Trader Joes,Northern California
716,35.19,526212256,Trader Joes,Northern California
717,58.19,627831552,Trader Joes,Northern California
718,41.79,221349675,Trader Joes,Northern California
719,8.89,21872584,Trader Joes,Northern California
720,0.99,557637639,Trader Joes,Northern California
721,29.59,361415663,Trader Joes,Northern California
722,41.49,958194401,Trader Joes,Northern California
723,5.59,383194572,Trader Joes,Northern California
724,66.89,888666503,Trader Joes,Northern California
725,34.49,132458395,Trader Joes,Northern California
726,37.09,829968022,Trader Joes,Northern California
727,41.89,988776021,Trader Joes,Northern California
728,36.99,736362595,Trader Joes,Northern California
729,9.99,987897892,Trader Joes,Northern California
730,37.19,785234168,Trader Joes,Northern California
731,46.09,54548062,Trader Joes,Northern California
732,56.69,60912855,Trader Joes,Northern California
733,9.09,71726448,Trader Joes,Northern California
734,52.29,817674221,Trader Joes,Northern California
735,2.99,70848410,Trader Joes,Northern California
736,10.69,579355486,Trader Joes,Northern California
737,36.09,130358296,Trader Joes,Northern California
738,30.69,518047270,Trader Joes,Northern California
739,28.19,894764703,Trader Joes,Northern California
740,58.89,120596009,Trader Joes,Northern California
741,21.09,943281894,Trader Joes,Northern California
742,13.09,927312846,Trader Joes,Northern California
743,43.09,172380215,Trader Joes,Northern California
744,46.99,804094528,Trader Joes,Northern California
745,39.09,244899396,Trader Joes,Northern California
746,28.39,256001467,Trader Joes,Northern California
747,44.69,641701426,Trader Joes,Northern California
748,39.39,213387822,Trader Joes,Northern California
749,37.39,959211839,Trader Joes,Northern California
750,43.49,872889619,Trader Joes,Northern California
751,13.69,447640332,Trader Joes,Northern California
752,48.29,690308756,Trader Joes,Northern California
753,27.29,47158754,Trader Joes,Northern California
754,17.09,885481376,Trader Joes,Northern California
755,63.99,495847520,Trader Joes,Northern California
756,54.19,287415946,Trader Joes,Northern California
757,51.49,442236507,Trader Joes,Northern California
758,52.39,395790602,Trader Joes,Northern California
759,4.89,790066655,Trader Joes,Northern California
760,15.59,136528713,Trader Joes,Northern California
761,12.59,695599406,Trader Joes,Northern California
762,31.69,727229928,Trader Joes,Northern California
763,18.69,765958220,Trader Joes,Northern California
764,57.19,466810890,Trader Joes,Northern California
765,46.49,571419391,Trader Joes,Northern California
766,16.39,246585815,Trader Joes,Northern California
767,14.79,142231691,Trader Joes,Northern California
768,45.09,321130189,Trader Joes,Northern California
769,53.19,494020899,Trader Joes,Northern California
770,23.39,944430721,Trader Joes,Northern California
771,51.59,791901779,Trader Joes,Northern California
772,19.09,599052834,Trader Joes,Northern California
773,57.89,531867954,Trader Joes,Northern California
774,51.19,958465158,Trader Joes,Northern California
775,46.59,975793603,Trader Joes,Northern California
776,61.49,350639776,Trader Joes,Northern California
777,43.79,514293895,Trader Joes,Northern California
778,35.79,299791600,Trader Joes,Northern California
779,20.99,876226151,Trader Joes,Northern California
780,17.69,252280717,Trader Joes,Northern California
781,33.39,500505797,Trader Joes,Northern California
782,52.99,303530277,Trader Joes,Northern California
783,15.09,243934119,Trader Joes,Northern California
784,66.09,873270447,Trader Joes,Northern California
785,46.39,676274385,Trader Joes,Northern California
786,16.59,790024227,Trader Joes,Northern California
787,59.39,272466316,Trader Joes,Northern California
788,41.59,451026029,Trader Joes,Northern California
789,44.79,475672709,Trader Joes,Northern California
790,20.99,817162115,Trader Joes,Northern California
791,7.69,647962512,Trader Joes,Northern California
792,36.39,614172105,Trader Joes,Northern California
793,62.69,549838046,Trader Joes,Northern California
794,30.09,932864695,Trader Joes,Northern California
795,60.09,176351627,Trader Joes,Northern California
796,42.99,383193164,Trader Joes,Northern California
797,38.49,481195187,Trader Joes,Northern California
798,64.79,39408244,Trader Joes,Northern California
799,46.19,311226396,Trader Joes,Northern California
800,27.29,360754991,Trader Joes,Northern California
801,14.59,426268457,Trader Joes,Northern California
802,16.39,789986401,Trader Joes,Northern California
803,3.89,701377201,Trader Joes,Northern California
804,16.79,25023603,Trader Joes,Northern California
805,43.59,314205929,Trader Joes,Northern California
806,63.59,162045248,Trader Joes,Northern California
807,12.29,286906735,Trader Joes,Northern California
808,50.49,753436797,Trader Joes,Northern California
809,34.79,783399454,Trader Joes,Northern California
810,22.29,26132370,Trader Joes,Northern California
811,32.59,197321036,Trader Joes,Northern California
812,60.19,15052612,Trader Joes,Northern California
813,33.89,217512347,Whole Foods,Northern California
814,3.59,541222561,Whole Foods,Northern California
815,63.99,426540728,Whole Foods,Northern California
816,33.59,757630984,Whole Foods,Northern California
817,64.79,304468559,Whole Foods,Northern California
818,42.89,481195187,Whole Foods,Northern California
819,25.69,641206219,Whole Foods,Northern California
820,3.79,651936351,Whole Foods,Northern California
821,35.49,45824749,Whole Foods,Northern California
822,54.29,790347148,Whole Foods,Northern California
823,65.49,120596009,Whole Foods,Northern California
824,46.59,196109651,Whole Foods,Northern California
825,39.19,440309024,Whole Foods,Northern California
826,13.29,26791818,Whole Foods,Northern California
827,11.09,526069074,Whole Foods,Northern California
828,22.19,793865483,Whole Foods,Northern California
829,4.39,701377201,Whole Foods,Northern California
830,49.99,479749486,Whole Foods,Northern California
831,21.89,850860889,Whole Foods,Northern California
832,61.69,35072231,Whole Foods,Northern California
833,28.39,795937333,Whole Foods,Northern California
834,33.49,932864695,Whole Foods,Northern California
835,13.19,702239031,Whole Foods,Northern California
836,40.39,165254790,Whole Foods,Northern California
837,64.89,441404447,Whole Foods,Northern California
838,59.19,494020899,Whole Foods,Northern California
839,1.19,278739906,Whole Foods,Northern California
840,17.89,125829867,Whole Foods,Northern California
841,72.49,594035260,Whole Foods,Northern California
842,49.39,808274867,Whole Foods,Northern California
843,38.39,132458395,Whole Foods,Northern California
844,64.59,486230490,Whole Foods,Northern California
845,20.59,962420701,Whole Foods,Northern California
846,61.49,311149036,Whole Foods,Northern California
847,43.99,81927167,Whole Foods,Northern California
848,55.49,683028909,Whole Foods,Northern California
849,70.89,616240709,Whole Foods,Northern California
850,7.19,152398257,Whole Foods,Northern California
851,63.09,273984951,Whole Foods,Northern California
852,45.89,489398729,Whole Foods,Northern California
853,22.19,870721732,Whole Foods,Northern California
854,70.49,773828271,Whole Foods,Northern California
855,21.29,278354885,Whole Foods,Northern California
856,29.19,783845705,Whole Foods,Northern California
857,25.29,106365705,Whole Foods,Northern California
858,35.49,675134953,Whole Foods,Northern California
859,14.59,927312846,Whole Foods,Northern California
860,43.79,658435562,Whole Foods,Northern California
861,33.99,397250295,Whole Foods,Northern California
862,27.29,63494206,Whole Foods,Northern California
863,3.29,70848410,Whole Foods,Northern California
864,65.39,881311707,Whole Foods,Northern California
865,48.59,990258086,Whole Foods,Northern California
866,72.39,986134213,Whole Foods,Northern California
867,18.29,434688119,Whole Foods,Northern California
868,47.79,897422303,Whole Foods,Northern California
869,67.39,432934258,Whole Foods,Northern California
870,10.09,71726448,Whole Foods,Northern California
871,38.69,486482090,Whole Foods,Northern California
872,68.49,899819893,Whole Foods,Northern California
873,3.09,302256456,Whole Foods,Northern California
874,19.69,252280717,Whole Foods,Northern California
875,9.89,21872584,Whole Foods,Northern California
876,34.59,503341824,Whole Foods,Northern California
877,3.79,906234211,Whole Foods,Northern California
878,55.79,813117592,Whole Foods,Northern California
879,40.19,468699741,Whole Foods,Northern California
880,37.39,300970093,Whole Foods,Northern California
881,9.79,737000536,Whole Foods,Northern California
882,5.19,484526970,Whole Foods,Northern California
883,36.19,171858013,Whole Foods,Northern California
884,55.19,242743338,Whole Foods,Northern California
885,57.09,620047925,Whole Foods,Northern California
886,70.79,162045248,Whole Foods,Northern California
887,36.99,142252924,Whole Foods,Northern California
888,3.59,371212986,Whole Foods,Northern California
889,48.69,229341656,Whole Foods,Northern California
890,14.59,555531366,Whole Foods,Northern California
891,25.99,944430721,Whole Foods,Northern California
892,21.09,471370637,Whole Foods,Northern California
893,12.09,905792642,Whole Foods,Northern California
894,55.49,298558534,Whole Foods,Northern California
895,27.19,899571200,Whole Foods,Northern California
896,58.19,346844734,Whole Foods,Northern California
897,54.19,174429227,Whole Foods,Northern California
898,48.29,854985252,Whole Foods,Northern California
899,4.29,376311065,Whole Foods,Northern California
900,33.79,278003538,Whole Foods,Northern California
901,45.99,883713851,Whole Foods,Northern California
902,24.29,683810722,Whole Foods,Northern California
903,66.49,305207870,Whole Foods,Northern California
904,4.89,554693845,Whole Foods,Northern California
905,9.89,555173446,Whole Foods,Northern California
906,48.69,856365324,Whole Foods,Northern California
907,9.39,672429356,Whole Foods,Northern California
908,30.29,531197407,Whole Foods,Northern California
909,23.39,817162115,Whole Foods,Northern California
910,6.39,872082334,Whole Foods,Northern California
911,19.49,923891080,Whole Foods,Northern California
912,25.59,568480217,Whole Foods,Northern California
913,18.09,574169049,Whole Foods,Northern California
914,33.49,400625108,Whole Foods,Northern California
915,57.09,275219414,Whole Foods,Northern California
916,11.79,825958722,Whole Foods,Northern California
917,25.09,819121025,Whole Foods,Northern California
918,29.79,262051609,Whole Foods,Northern California
919,18.29,470692001,Whole Foods,Northern California
920,57.09,762710881,Whole Foods,Northern California
921,6.49,68034486,Whole Foods,Northern California
922,11.79,579355486,Whole Foods,Northern California
923,72.79,269567447,Whole Foods,Northern California
924,59.29,394331468,Whole Foods,Northern California
925,45.49,848280790,Whole Foods,Northern California
926,59.29,62563085,Whole Foods,Northern California
927,1.39,77460052,Whole Foods,Northern California
928,9.89,760445497,Whole Foods,Northern California
929,34.79,953126270,Whole Foods,Northern California
930,21.69,144575642,Whole Foods,Northern California
931,14.99,44385546,Whole Foods,Northern California
932,40.19,130358296,Whole Foods,Northern California
933,9.89,16729338,Whole Foods,Northern California
934,51.59,576506037,Whole Foods,Northern California
935,74.09,421176959,Whole Foods,Northern California
936,9.79,60193187,Whole Foods,Northern California
937,50.59,112509592,Whole Foods,Northern California
938,71.49,692276824,Whole Foods,Northern California
939,45.09,163809044,Whole Foods,Northern California
940,73.39,160430177,Whole Foods,Northern California
941,22.39,525505777,Whole Foods,Northern California
942,48.99,827531126,Whole Foods,Northern California
943,70.39,995798889,Whole Foods,Northern California
944,66.09,272466316,Whole Foods,Northern California
945,68.99,218294289,Whole Foods,Northern California
946,65.39,298650567,Whole Foods,Northern California
947,4.09,924190396,Whole Foods,Northern California
948,27.99,105664025,Whole Foods,Northern California
949,68.19,514987291,Whole Foods,Northern California
950,69.79,111650456,Whole Foods,Northern California
951,52.99,52851370,Whole Foods,Northern California
952,47.09,55404606,Whole Foods,Northern California
953,70.09,94849573,Whole Foods,Northern California
954,21.99,978196729,Whole Foods,Northern California
955,62.09,48013704,Whole Foods,Northern California
956,32.69,654483249,Whole Foods,Northern California
957,27.49,646726630,Whole Foods,Northern California
958,68.39,629512894,Whole Foods,Northern California
959,46.79,387431034,Whole Foods,Northern California
960,48.99,405988807,Whole Foods,Northern California
961,32.59,23493525,Whole Foods,Northern California
962,32.99,488091787,Whole Foods,Northern California
963,27.39,690451660,Whole Foods,Northern California
964,44.69,286798599,Whole Foods,Northern California
965,9.29,234070455,Whole Foods,Northern California
966,62.09,963858888,Whole Foods,Northern California
967,7.99,746596885,Whole Foods,Northern California
968,34.49,45509167,Whole Foods,Northern California
969,43.49,529968586,Whole Foods,Northern California
970,70.29,506238955,Whole Foods,Northern California
971,23.49,943281894,Whole Foods,Northern California
972,48.29,310210791,Whole Foods,Northern California
973,8.39,458350008,Whole Foods,Northern California
974,4.59,749696942,Whole Foods,Northern California
975,45.29,774342015,Whole Foods,Northern California
976,9.99,207648093,Whole Foods,Northern California
977,59.89,337353166,Whole Foods,Northern California
978,20.19,215480572,Whole Foods,Northern California
979,66.99,899956196,Whole Foods,Northern California
980,68.09,857067649,Whole Foods,Northern California
981,19.29,907400779,Whole Foods,Northern California
982,6.59,665091890,Whole Foods,Northern California
983,51.29,285195716,Whole Foods,Northern California
984,2.39,285638116,Whole Foods,Northern California
985,30.79,878698622,Whole Foods,Northern California
986,70.99,545019950,Whole Foods,Northern California
987,72.59,751783597,Whole Foods,Northern California
988,31.19,428456157,Whole Foods,Northern California
989,23.39,690069404,Whole Foods,Northern California
990,34.19,518047270,Whole Foods,Northern California
991,14.29,835966795,Whole Foods,Northern California
992,2.99,646431619,Whole Foods,Northern California
993,61.09,506754007,Whole Foods,Northern California
994,65.69,970617307,Whole Foods,Northern California
995,40.59,614172105,Whole Foods,Northern California
996,42.89,542244776,Whole Foods,Northern California
997,72.89,456113225,Whole Foods,Northern California
998,59.59,101201265,Whole Foods,Northern California
999,56.49,870595943,Whole Foods,Northern California
1000,8.49,227635624,Whole Foods,Northern California
1001,51.29,870309366,Whole Foods,Northern California
1002,56.59,764458897,Whole Foods,Northern California
1003,60.19,887149013,Whole Foods,Northern California
1004,49.39,615121896,Whole Foods,Northern California
1005,32.99,352180692,Whole Foods,Northern California
1006,15.99,426909634,Whole Foods,Northern California
1007,2.29,355520088,Whole Foods,Northern California
1008,16.39,575714399,Whole Foods,Northern California
1009,31.59,388197861,Whole Foods,Northern California
1010,41.89,95866554,Whole Foods,Northern California
1011,16.39,440219593,Whole Foods,Northern California
1012,39.89,299791600,Whole Foods,Northern California
1013,65.09,568256903,Whole Foods,Northern California
1014,64.89,820540489,Whole Foods,Northern California
1015,22.19,538593323,Whole Foods,Northern California
1016,55.49,200809424,Whole Foods,Northern California
1017,64.39,801329171,Whole Foods,Northern California
1018,55.69,830115263,Whole Foods,Northern California
1019,48.49,709096794,Whole Foods,Northern California
1020,68.69,470178735,Whole Foods,Northern California
1021,40.29,750854309,Whole Foods,Northern California
1022,35.49,55833407,Whole Foods,Northern California
1023,32.49,505693127,Whole Foods,Northern California
1024,12.59,120290503,Whole Foods,Northern California
1025,72.99,614892418,Whole Foods,Northern California
1026,17.89,325260449,Whole Foods,Northern California
1027,35.39,472559312,Whole Foods,Northern California
1028,63.69,466810890,Whole Foods,Northern California
1029,16.19,996262978,Whole Foods,Northern California
1030,23.59,927693101,Whole Foods,Northern California
1031,72.89,302857528,Whole Foods,Northern California
1032,55.79,549873373,Whole Foods,Northern California
1033,63.99,849425547,Whole Foods,Northern California
1034,68.69,533704030,Whole Foods,Northern California
1035,8.29,296821950,Whole Foods,Northern California
1036,40.59,545133835,Whole Foods,Northern California
1037,56.49,904714463,Whole Foods,Northern California
1038,29.49,612864775,Whole Foods,Northern California
1039,28.09,694669999,Whole Foods,Northern California
1040,29.19,993910240,Whole Foods,Northern California
1041,72.29,950498192,Whole Foods,Northern California
1042,32.69,882672998,Whole Foods,Northern California
1043,23.59,852479948,Whole Foods,Northern California
1044,72.29,932644749,Whole Foods,Northern California
1045,6.39,659422945,Whole Foods,Northern California
1046,18.29,246585815,Whole Foods,Northern California
1047,36.99,812264326,Whole Foods,Northern California
1048,60.49,789649867,Whole Foods,Northern California
1049,63.09,60912855,Whole Foods,Northern California
1050,48.79,678530217,Whole Foods,Northern California
1051,26.99,827352822,Whole Foods,Northern California
1052,37.59,375916960,Whole Foods,Northern California
1053,51.59,258597638,Whole Foods,Northern California
1054,6.49,513172706,Whole Foods,Northern California
1055,41.19,736362595,Whole Foods,Northern California
1056,51.29,583814806,Whole Foods,Northern California
1057,63.39,86262532,Whole Foods,Northern California
1058,46.09,474794200,Whole Foods,Northern California
1059,66.39,778006625,Whole Foods,Northern California
1060,13.09,571896895,Whole Foods,Northern California
1061,20.39,537045183,Whole Foods,Northern California
1062,55.19,895637329,Whole Foods,Northern California
1063,22.79,565021540,Whole Foods,Northern California
1064,23.29,876226151,Whole Foods,Northern California
1065,33.09,401436440,Whole Foods,Northern California
1066,55.99,745790660,Whole Foods,Northern California
1067,21.09,931390073,Whole Foods,Northern California
1068,45.99,441453292,Whole Foods,Northern California
1069,30.09,473279874,Whole Foods,Northern California
1070,35.09,832713642,Whole Foods,Northern California
1071,53.09,514730047,Whole Foods,Northern California
1072,60.79,749133422,Whole Foods,Northern California
1073,53.39,842621232,Whole Foods,Northern California
1074,72.19,39408244,Whole Foods,Northern California
1075,21.29,459605874,Whole Foods,Northern California
1076,48.39,872889619,Whole Foods,Northern California
1077,8.89,827210689,Whole Foods,Northern California
1078,13.09,633357974,Whole Foods,Northern California
1079,32.69,685715810,Whole Foods,Northern California
1080,41.39,785234168,Whole Foods,Northern California
1081,36.19,16900911,Whole Foods,Northern California
1082,15.89,93351329,Whole Foods,Northern California
1083,7.99,311625369,Whole Foods,Northern California
1084,73.69,158953776,Whole Foods,Northern California
1085,56.99,59479815,Whole Foods,Northern California
1086,4.69,47174618,Whole Foods,Northern California
1087,28.09,967167461,Whole Foods,Northern California
1088,30.39,47158754,Whole Foods,Northern California
1089,22.29,688858216,Whole Foods,Northern California
1090,61.59,22976162,Whole Foods,Northern California
1091,7.79,918833743,Whole Foods,Northern California
1092,71.09,266788198,Whole Foods,Northern California
1093,6.59,363196884,Whole Foods,Northern California
1094,34.69,697589645,Whole Foods,Northern California
1095,51.89,975793603,Whole Foods,Northern California
1096,62.19,406039511,Whole Foods,Northern California
1097,17.69,178923336,Whole Foods,Northern California
1098,1.49,372268051,Whole Foods,Northern California
1099,24.19,517769564,Whole Foods,Northern California
1100,49.19,769464973,Whole Foods,Northern California
1101,64.19,737234743,Whole Foods,Northern California
1102,33.99,654081535,Whole Foods,Northern California
1103,51.29,187405236,Whole Foods,Northern California
1104,32.99,774949377,Whole Foods,Northern California
1105,64.39,854689154,Whole Foods,Northern California
1106,30.49,891797170,Whole Foods,Northern California
1107,6.29,383194572,Whole Foods,Northern California
1108,29.99,986041768,Whole Foods,Northern California
1109,5.39,790066655,Whole Foods,Northern California
1110,70.69,936330605,Whole Foods,Northern California
1111,21.29,599052834,Whole Foods,Northern California
1112,58.39,395790602,Whole Foods,Northern California
1113,46.19,958194401,Whole Foods,Northern California
1114,73.69,981510405,Whole Foods,Northern California
1115,59.79,971923169,Whole Foods,Northern California
1116,42.49,445351739,Whole Foods,Northern California
1117,64.19,768900012,Whole Foods,Northern California
1118,50.89,853687097,Whole Foods,Northern California
1119,15.99,581030587,Whole Foods,Northern California
1120,46.19,966176819,Whole Foods,Northern California
1121,33.39,840138489,Whole Foods,Northern California
1122,52.29,831639757,Whole Foods,Northern California
1123,16.29,426268457,Whole Foods,Northern California
1124,49.69,127838957,Whole Foods,Northern California
1125,44.79,212886542,Whole Foods,Northern California
1126,59.09,162356142,Whole Foods,Northern California
1127,63.29,79218866,Whole Foods,Northern California
1128,58.19,817674221,Whole Foods,Northern California
1129,1.99,694468735,Whole Foods,Northern California
1130,54.69,70324549,Whole Foods,Northern California
1131,48.79,536411687,Whole Foods,Northern California
1132,26.49,855000437,Whole Foods,Northern California
1133,69.29,917901226,Whole Foods,Northern California
1134,16.89,456975266,Whole Foods,Northern California
1135,35.69,416414679,Whole Foods,Northern California
1136,24.79,26132370,Whole Foods,Northern California
1137,23.99,312567137,Whole Foods,Northern California
1138,73.69,276801250,Whole Foods,Northern California
1139,14.79,218958254,Whole Foods,Northern California
1140,3.69,421047592,Whole Foods,Northern California
1141,29.49,333967502,Whole Foods,Northern California
1142,69.79,549838046,Whole Foods,Northern California
1143,10.69,27595398,Whole Foods,Northern California
1144,2.79,200021055,Whole Foods,Northern California
1145,61.29,742030365,Whole Foods,Northern California
1146,72.19,353626798,Whole Foods,Northern California
1147,64.99,300702726,Whole Foods,Northern California
1148,59.09,363461563,Whole Foods,Northern California
1149,71.89,254804864,Whole Foods,Northern California
1150,57.89,43366358,Whole Foods,Northern California
1151,45.59,587816654,Whole Foods,Northern California
1152,69.09,726107443,Whole Foods,Northern California
1153,56.49,980113553,Whole Foods,Northern California
1154,34.99,927879675,Whole Foods,Northern California
1155,22.69,766810433,Whole Foods,Northern California
1156,58.69,879777546,Whole Foods,Northern California
1157,53.59,849702242,Whole Foods,Northern California
1158,42.79,171059624,Whole Foods,Northern California
1159,42.99,403149940,Whole Foods,Northern California
1160,47.19,238497653,Whole Foods,Northern California
1161,41.29,829968022,Whole Foods,Northern California
1162,15.09,561425157,Whole Foods,Northern California
1163,70.09,295208432,Whole Foods,Northern California
1164,44.69,301161010,Whole Foods,Northern California
1165,5.99,236468029,Whole Foods,Northern California
1166,22.19,152458350,Whole Foods,Northern California
1167,23.69,744486125,Whole Foods,Northern California
1168,19.09,885481376,Whole Foods,Northern California
1169,55.49,546802474,Whole Foods,Northern California
1170,29.29,268588472,Whole Foods,Northern California
1171,7.69,598589918,Whole Foods,Northern California
1172,54.99,615706094,Whole Foods,Northern California
1173,56.39,690392986,Whole Foods,Northern California
1174,0.69,198082596,Whole Foods,Northern California
1175,23.79,420577775,Whole Foods,Northern California
1176,39.39,271202170,Whole Foods,Northern California
1177,6.49,16999755,Whole Foods,Northern California
1178,1.09,557637639,Whole Foods,Northern California
1179,56.99,958465158,Whole Foods,Northern California
1180,72.09,130318597,Whole Foods,Northern California
1181,51.59,584200676,Whole Foods,Northern California
1182,5.49,488377803,Whole Foods,Northern California
1183,16.89,663501723,Whole Foods,Northern California
1184,53.09,340260209,Whole Foods,Northern California
1185,45.79,396134202,Whole Foods,Northern California
1186,74.49,888666503,Whole Foods,Northern California
1187,3.69,864093895,Whole Foods,Northern California
1188,51.79,571419391,Whole Foods,Northern California
1189,45.99,768547166,Whole Foods,Northern California
1190,23.79,113921219,Whole Foods,Northern California
1191,41.89,373656227,Whole Foods,Northern California
1192,38.89,915191199,Whole Foods,Northern California
1193,73.09,946880003,Whole Foods,Northern California
1194,64.19,457695472,Whole Foods,Northern California
1195,34.79,975326196,Whole Foods,Northern California
1196,64.09,405684153,Whole Foods,Northern California
1197,26.09,236968723,Whole Foods,Northern California
1198,53.49,865020811,Whole Foods,Northern California
1199,63.19,505307561,Whole Foods,Northern California
1200,27.29,711957058,Whole Foods,Northern California
1201,57.29,442236507,Whole Foods,Northern California
1202,7.89,338863686,Whole Foods,Northern California
1203,27.39,110497121,Whole Foods,Northern California
1204,62.59,300705072,Whole Foods,Northern California
1205,42.09,842968031,Whole Foods,Northern California
1206,11.49,740420827,Whole Foods,Northern California
1207,55.79,965370690,Whole Foods,Northern California
1208,47.79,250622702,Whole Foods,Northern California
1209,27.49,569684083,Whole Foods,Northern California
1210,10.99,713032211,Whole Foods,Northern California
1211,67.89,827980895,Whole Foods,Northern California
1212,21.29,922747986,Whole Foods,Northern California
1213,57.29,905914857,Whole Foods,Northern California
1214,28.29,739054494,Whole Foods,Northern California
1215,18.79,919110708,Whole Foods,Northern California
1216,2.99,243131192,Whole Foods,Northern California
1217,39.19,988779486,Whole Foods,Northern California
1218,13.99,695599406,Whole Foods,Northern California
1219,34.49,283434497,Whole Foods,Northern California
1220,30.39,437637358,Whole Foods,Northern California
1221,45.89,574686428,Whole Foods,Northern California
1222,70.89,881539712,Whole Foods,Northern California
1223,64.79,627831552,Whole Foods,Northern California
1224,29.49,856554674,Whole Foods,Northern California
1225,59.29,246582548,Whole Foods,Northern California
1226,10.09,489000444,Whole Foods,Northern California
1227,8.89,744228999,Whole Foods,Northern California
1228,15.29,447640332,Whole Foods,Northern California
1229,57.79,223905761,Whole Foods,Northern California
1230,59.89,780230660,Whole Foods,Northern California
1231,29.49,399409590,Whole Foods,Northern California
1232,41.29,240879755,Whole Foods,Northern California
1233,64.79,746763504,Whole Foods,Northern California
1234,44.09,460807284,Whole Foods,Northern California
1235,43.99,860167579,Whole Foods,Northern California
1236,46.29,164485660,Whole Foods,Northern California
1237,48.79,443127155,Whole Foods,Northern California
1238,38.29,56176612,Whole Foods,Northern California
1239,65.49,999185078,Whole Foods,Northern California
1240,72.59,161076622,Whole Foods,Northern California
1241,58.99,303530277,Whole Foods,Northern California
1242,29.79,230451071,Whole Foods,Northern California
1243,47.39,509419735,Whole Foods,Northern California
1244,23.49,723906184,Whole Foods,Northern California
1245,25.89,435304991,Whole Foods,Northern California
1246,18.49,574010167,Whole Foods,Northern California
1247,37.19,764530996,Whole Foods,Northern California
1248,68.29,88576101,Whole Foods,Northern California
1249,28.69,245619737,Whole Foods,Northern California
1250,25.59,361981249,Whole Foods,Northern California
1251,40.99,771066892,Whole Foods,Northern California
1252,48.89,700660531,Whole Foods,Northern California
1253,28.19,39601228,Whole Foods,Northern California
1254,30.49,836817411,Whole Foods,Northern California
1255,72.49,976976235,Whole Foods,Northern California
1256,37.19,327470693,Whole Foods,Northern California
1257,3.79,17066659,Whole Foods,Northern California
1258,53.79,723419379,Whole Foods,Northern California
1259,65.29,952287274,Whole Foods,Northern California
1260,22.79,48258595,Whole Foods,Northern California
1261,18.59,338728090,Whole Foods,Northern California
1262,18.29,826771870,Whole Foods,Northern California
1263,22.59,583382498,Whole Foods,Northern California
1264,41.29,182310151,Whole Foods,Northern California
1265,26.39,129232150,Whole Foods,Northern California
1266,22.19,955421336,Whole Foods,Northern California
1267,16.79,375993782,Whole Foods,Northern California
1268,69.39,357064541,Whole Foods,Northern California
1269,46.49,614290704,Whole Foods,Northern California
1270,45.79,687061455,Whole Foods,Northern California
1271,66.89,176351627,Whole Foods,Northern California
1272,39.09,57394222,Whole Foods,Northern California
1273,12.79,477240979,Whole Foods,Northern California
1274,6.19,449986246,Whole Foods,Northern California
1275,44.09,253141402,Whole Foods,Northern California
1276,65.49,131820869,Whole Foods,Northern California
1277,53.89,189565540,Whole Foods,Northern California
1278,2.39,375780233,Whole Foods,Northern California
1279,49.69,643891644,Whole Foods,Northern California
1280,72.59,835193761,Whole Foods,Northern California
1281,66.49,484719492,Whole Foods,Northern California
1282,35.99,361609713,Whole Foods,Northern California
1283,20.79,386428225,Whole Foods,Northern California
1284,6.59,886012244,Whole Foods,Northern California
1285,7.89,643629043,Whole Foods,Northern California
1286,43.09,831054514,Whole Foods,Northern California
1287,46.09,321012038,Whole Foods,Northern California
1288,22.39,24764365,Whole Foods,Northern California
1289,19.99,582214622,Whole Foods,Northern California
1290,16.59,252888653,Whole Foods,Northern California
1291,33.59,763210027,Whole Foods,Northern California
1292,20.89,765958220,Whole Foods,Northern California
1293,69.29,582451335,Whole Foods,Northern California
1294,7.19,786293238,Whole Foods,Northern California
1295,20.89,917211564,Whole Foods,Northern California
1296,51.69,676274385,Whole Foods,Northern California
1297,3.89,44053660,Whole Foods,Northern California
1298,43.39,980564443,Whole Foods,Northern California
1299,59.89,477539026,Whole Foods,Northern California
1300,63.69,702065059,Whole Foods,Northern California
1301,33.69,129833275,Whole Foods,Northern California
1302,69.39,227818213,Whole Foods,Northern California
1303,69.69,841392681,Whole Foods,Northern California
1304,29.19,106918220,Whole Foods,Northern California
1305,29.69,627807402,Whole Foods,Northern California
1306,70.39,70124770,Whole Foods,Northern California
1307,69.49,587031338,Whole Foods,Northern California
1308,22.09,874971914,Whole Foods,Northern California
1309,33.69,857721983,Whole Foods,Northern California
1310,11.89,565170341,Whole Foods,Northern California
1311,14.49,69584995,Whole Foods,Northern California
1312,36.79,430094535,Whole Foods,Northern California
1313,33.19,450309449,Whole Foods,Northern California
1314,51.49,311513952,Whole Foods,Northern California
1315,43.89,213387822,Whole Foods,Northern California
1316,13.69,358265858,Whole Foods,Northern California
1317,1.99,762004012,Whole Foods,Northern California
1318,49.49,607409332,Whole Foods,Northern California
1319,63.99,980150388,Whole Foods,Northern California
1320,8.09,416724552,Whole Foods,Northern California
1321,1.99,770347410,Whole Foods,Northern California
1322,24.49,352259734,Whole Foods,Northern California
1323,16.19,60042797,Whole Foods,Northern California
1324,52.39,276263379,Whole Foods,Northern California
1325,59.69,436463728,Whole Foods,Northern California
1326,30.89,376153383,Whole Foods,Northern California
1327,49.19,514912132,Whole Foods,Northern California
